Size (Bytes),Time (NS)
268435456,0.001000
268435456,0.001000
268435456,0.000000
268435456,0.001000
268435456,0.007000
268435456,0.001000
268435456,0.001000
268435456,0.000000
268435456,0.000000
268435456,0.000000
268435456,0.000000
268435456,0.000000
268435456,0.001000
268435456,0.001000
268435456,0.001000
268435456,0.000000
268435456,0.001000
268435456,0.001000
268435456,0.001000
268435456,0.001000
268435456,0.000000
268435456,0.001000
268435456,0.000000
268435456,0.000000
268435456,0.000000
268435456,0.000000
268435456,0.000000
268435456,0.001000
268435456,0.001000
268435456,0.001000
268435456,0.001000
268435456,0.001000
268435456,0.001000
268435456,0.001000
268435456,0.001000
268435456,0.001000
268435456,0.001000
268435456,0.000000
268435456,0.000000
268435456,0.000000
268435456,0.000000
268435456,0.000000
268435456,0.001000
268435456,0.001000
268435456,0.001000
268435456,0.001000
268435456,0.001000
268435456,0.001000
268435456,0.001000
268435456,0.000000
268435456,0.000000
268435456,0.000000
268435456,0.001000
268435456,0.001000
268435456,0.001000
268435456,0.001000
268435456,0.001000
268435456,0.000000
268435456,0.000000
268435456,0.000000
268435456,0.000000
268435456,0.001000
268435456,0.001000
268435456,0.001000
268435456,0.001000
268435456,0.000000
268435456,0.000000
268435456,0.000000
268435456,0.001000
268435456,0.001000
268435456,0.001000
268435456,0.001000
268435456,0.001000
268435456,0.000000
268435456,0.000000
268435456,0.000000
268435456,0.000000
268435456,0.000000
268435456,0.001000
268435456,0.001000
268435456,0.001000
268435456,0.001000
268435456,0.001000
268435456,0.001000
268435456,0.001000
268435456,0.001000
268435456,0.000000
268435456,0.000000
268435456,0.000000
268435456,0.000000
268435456,0.000000
268435456,0.001000
268435456,0.001000
268435456,0.001000
268435456,0.001000
268435456,0.000000
268435456,0.000000
268435456,0.000000
268435456,0.000000
268435456,0.001000
134217728,0.002000
134217728,0.000000
134217728,0.001000
134217728,0.000000
134217728,0.000000
134217728,0.006000
134217728,0.001000
134217728,0.000000
134217728,0.000000
134217728,0.001000
134217728,0.000000
134217728,0.000000
134217728,0.000000
134217728,0.000000
134217728,0.000000
134217728,0.000000
134217728,0.000000
134217728,0.000000
134217728,0.000000
134217728,0.000000
134217728,0.000000
134217728,0.000000
134217728,0.001000
134217728,0.001000
134217728,0.001000
134217728,0.001000
134217728,0.001000
134217728,0.001000
134217728,0.001000
134217728,0.001000
134217728,0.001000
134217728,0.001000
134217728,0.000000
134217728,0.000000
134217728,0.000000
134217728,0.000000
134217728,0.000000
134217728,0.000000
134217728,0.001000
134217728,0.001000
134217728,0.001000
134217728,0.001000
134217728,0.001000
134217728,0.001000
134217728,0.001000
134217728,0.001000
134217728,0.000000
134217728,0.000000
134217728,0.000000
134217728,0.000000
134217728,0.000000
134217728,0.000000
134217728,0.000000
134217728,0.001000
134217728,0.001000
134217728,0.001000
134217728,0.000000
134217728,0.000000
134217728,0.000000
134217728,0.000000
134217728,0.000000
134217728,0.001000
134217728,0.001000
134217728,0.001000
134217728,0.001000
134217728,0.001000
134217728,0.000000
134217728,0.000000
134217728,0.000000
134217728,0.000000
134217728,0.000000
134217728,0.000000
134217728,0.001000
134217728,0.000000
134217728,0.001000
134217728,0.001000
134217728,0.001000
134217728,0.001000
134217728,0.001000
134217728,0.001000
134217728,0.001000
134217728,0.001000
134217728,0.001000
134217728,0.001000
134217728,0.000000
134217728,0.000000
134217728,0.000000
134217728,0.000000
134217728,0.000000
134217728,0.000000
134217728,0.000000
134217728,0.000000
134217728,0.001000
134217728,0.001000
134217728,0.001000
134217728,0.001000
134217728,0.001000
134217728,0.001000
134217728,0.000000
134217728,0.000000
67108864,0.001000
67108864,0.000000
67108864,0.001000
67108864,0.001000
67108864,0.000000
67108864,0.001000
67108864,0.000000
67108864,0.000000
67108864,0.000000
67108864,0.000000
67108864,0.000000
67108864,0.001000
67108864,0.001000
67108864,0.001000
67108864,0.001000
67108864,0.001000
67108864,0.001000
67108864,0.001000
67108864,0.001000
67108864,0.001000
67108864,0.001000
67108864,0.001000
67108864,0.000000
67108864,0.000000
67108864,0.001000
67108864,0.001000
67108864,0.001000
67108864,0.001000
67108864,0.001000
67108864,0.001000
67108864,0.000000
67108864,0.000000
67108864,0.000000
67108864,0.000000
67108864,0.000000
67108864,0.000000
67108864,0.000000
67108864,0.000000
67108864,0.001000
67108864,0.001000
67108864,0.000000
67108864,0.000000
67108864,0.000000
67108864,0.000000
67108864,0.001000
67108864,0.001000
67108864,0.001000
67108864,0.001000
67108864,0.001000
67108864,0.001000
67108864,0.000000
67108864,0.000000
67108864,0.000000
67108864,0.000000
67108864,0.000000
67108864,0.001000
67108864,0.001000
67108864,0.001000
67108864,0.001000
67108864,0.000000
67108864,0.000000
67108864,0.000000
67108864,0.001000
67108864,0.001000
67108864,0.001000
67108864,0.001000
67108864,0.001000
67108864,0.001000
67108864,0.000000
67108864,0.000000
67108864,0.000000
67108864,0.000000
67108864,0.001000
67108864,0.001000
67108864,0.001000
67108864,0.001000
67108864,0.001000
67108864,0.001000
67108864,0.000000
67108864,0.000000
67108864,0.000000
67108864,0.000000
67108864,0.001000
67108864,0.001000
67108864,0.001000
67108864,0.001000
67108864,0.000000
67108864,0.000000
67108864,0.000000
67108864,0.000000
67108864,0.000000
67108864,0.001000
67108864,0.001000
67108864,0.001000
67108864,0.000000
67108864,0.000000
67108864,0.000000
67108864,0.000000
67108864,0.001000
67108864,0.001000
33554432,0.002000
33554432,0.001000
33554432,0.001000
33554432,0.000000
33554432,0.001000
33554432,0.000000
33554432,0.000000
33554432,0.000000
33554432,0.000000
33554432,0.000000
33554432,0.000000
33554432,0.000000
33554432,0.000000
33554432,0.000000
33554432,0.000000
33554432,0.001000
33554432,0.000000
33554432,0.000000
33554432,0.000000
33554432,0.000000
33554432,0.000000
33554432,0.000000
33554432,0.000000
33554432,0.000000
33554432,0.000000
33554432,0.000000
33554432,0.000000
33554432,0.000000
33554432,0.000000
33554432,0.000000
33554432,0.000000
33554432,0.000000
33554432,0.000000
33554432,0.000000
33554432,0.000000
33554432,0.000000
33554432,0.000000
33554432,0.000000
33554432,0.000000
33554432,0.000000
33554432,0.000000
33554432,0.000000
33554432,0.000000
33554432,0.000000
33554432,0.000000
33554432,0.000000
33554432,0.000000
33554432,0.000000
33554432,0.000000
33554432,0.000000
33554432,0.000000
33554432,0.000000
33554432,0.000000
33554432,0.000000
33554432,0.000000
33554432,0.000000
33554432,0.000000
33554432,0.000000
33554432,0.000000
33554432,0.000000
33554432,0.000000
33554432,0.000000
33554432,0.000000
33554432,0.000000
33554432,0.000000
33554432,0.000000
33554432,0.000000
33554432,0.001000
33554432,0.000000
33554432,0.000000
33554432,0.000000
33554432,0.000000
33554432,0.000000
33554432,0.000000
33554432,0.000000
33554432,0.000000
33554432,0.000000
33554432,0.000000
33554432,0.001000
33554432,0.001000
33554432,0.001000
33554432,0.001000
33554432,0.001000
33554432,0.001000
33554432,0.001000
33554432,0.001000
33554432,0.001000
33554432,0.001000
33554432,0.001000
33554432,0.001000
33554432,0.000000
33554432,0.000000
33554432,0.000000
33554432,0.000000
33554432,0.000000
33554432,0.000000
33554432,0.000000
33554432,0.000000
33554432,0.000000
33554432,0.000000
16777216,0.002000
16777216,0.000000
16777216,0.001000
16777216,0.000000
16777216,0.000000
16777216,0.000000
16777216,0.000000
16777216,0.000000
16777216,0.000000
16777216,0.000000
16777216,0.000000
16777216,0.000000
16777216,0.001000
16777216,0.000000
16777216,0.000000
16777216,0.000000
16777216,0.000000
16777216,0.000000
16777216,0.000000
16777216,0.000000
16777216,0.000000
16777216,0.000000
16777216,0.000000
16777216,0.000000
16777216,0.000000
16777216,0.000000
16777216,0.001000
16777216,0.001000
16777216,0.001000
16777216,0.001000
16777216,0.001000
16777216,0.000000
16777216,0.001000
16777216,0.000000
16777216,0.000000
16777216,0.000000
16777216,0.000000
16777216,0.000000
16777216,0.000000
16777216,0.000000
16777216,0.000000
16777216,0.000000
16777216,0.000000
16777216,0.001000
16777216,0.000000
16777216,0.000000
16777216,0.000000
16777216,0.000000
16777216,0.000000
16777216,0.000000
16777216,0.000000
16777216,0.000000
16777216,0.000000
16777216,0.000000
16777216,0.000000
16777216,0.000000
16777216,0.000000
16777216,0.000000
16777216,0.000000
16777216,0.000000
16777216,0.000000
16777216,0.000000
16777216,0.000000
16777216,0.000000
16777216,0.000000
16777216,0.000000
16777216,0.001000
16777216,0.000000
16777216,0.000000
16777216,0.000000
16777216,0.000000
16777216,0.000000
16777216,0.000000
16777216,0.000000
16777216,0.001000
16777216,0.000000
16777216,0.001000
16777216,0.000000
16777216,0.001000
16777216,0.000000
16777216,0.000000
16777216,0.000000
16777216,0.000000
16777216,0.000000
16777216,0.000000
16777216,0.000000
16777216,0.001000
16777216,0.000000
16777216,0.000000
16777216,0.000000
16777216,0.000000
16777216,0.000000
16777216,0.000000
16777216,0.001000
16777216,0.001000
16777216,0.000000
16777216,0.001000
16777216,0.001000
16777216,0.001000
16777216,0.000000
8388608,0.003000
8388608,0.001000
8388608,0.001000
8388608,0.000000
8388608,0.001000
8388608,0.001000
8388608,0.000000
8388608,0.001000
8388608,0.000000
8388608,0.001000
8388608,0.000000
8388608,0.000000
8388608,0.001000
8388608,0.000000
8388608,0.001000
8388608,0.000000
8388608,0.000000
8388608,0.001000
8388608,0.000000
8388608,0.001000
8388608,0.001000
8388608,0.000000
8388608,0.001000
8388608,0.001000
8388608,0.000000
8388608,0.001000
8388608,0.000000
8388608,0.000000
8388608,0.001000
8388608,0.000000
8388608,0.000000
8388608,0.000000
8388608,0.001000
8388608,0.001000
8388608,0.001000
8388608,0.001000
8388608,0.001000
8388608,0.001000
8388608,0.001000
8388608,0.001000
8388608,0.001000
8388608,0.001000
8388608,0.001000
8388608,0.001000
8388608,0.001000
8388608,0.001000
8388608,0.001000
8388608,0.001000
8388608,0.001000
8388608,0.001000
8388608,0.001000
8388608,0.001000
8388608,0.001000
8388608,0.001000
8388608,0.001000
8388608,0.001000
8388608,0.001000
8388608,0.001000
8388608,0.000000
8388608,0.000000
8388608,0.000000
8388608,0.000000
8388608,0.000000
8388608,0.000000
8388608,0.000000
8388608,0.000000
8388608,0.000000
8388608,0.000000
8388608,0.001000
8388608,0.000000
8388608,0.001000
8388608,0.000000
8388608,0.001000
8388608,0.000000
8388608,0.000000
8388608,0.001000
8388608,0.000000
8388608,0.001000
8388608,0.000000
8388608,0.001000
8388608,0.000000
8388608,0.000000
8388608,0.000000
8388608,0.000000
8388608,0.001000
8388608,0.001000
8388608,0.000000
8388608,0.001000
8388608,0.000000
8388608,0.001000
8388608,0.000000
8388608,0.001000
8388608,0.000000
8388608,0.000000
8388608,0.001000
8388608,0.000000
8388608,0.001000
8388608,0.000000
8388608,0.000000
8388608,0.001000
4194304,0.003000
4194304,0.001000
4194304,0.000000
4194304,0.000000
4194304,0.001000
4194304,0.001000
4194304,0.000000
4194304,0.001000
4194304,0.001000
4194304,0.000000
4194304,0.000000
4194304,0.000000
4194304,0.000000
4194304,0.001000
4194304,0.001000
4194304,0.000000
4194304,0.001000
4194304,0.000000
4194304,0.001000
4194304,0.000000
4194304,0.001000
4194304,0.000000
4194304,0.001000
4194304,0.000000
4194304,0.001000
4194304,0.000000
4194304,0.001000
4194304,0.001000
4194304,0.000000
4194304,0.001000
4194304,0.000000
4194304,0.001000
4194304,0.000000
4194304,0.001000
4194304,0.000000
4194304,0.001000
4194304,0.000000
4194304,0.001000
4194304,0.000000
4194304,0.001000
4194304,0.000000
4194304,0.001000
4194304,0.000000
4194304,0.000000
4194304,0.000000
4194304,0.001000
4194304,0.000000
4194304,0.001000
4194304,0.000000
4194304,0.001000
4194304,0.000000
4194304,0.001000
4194304,0.001000
4194304,0.000000
4194304,0.000000
4194304,0.000000
4194304,0.001000
4194304,0.000000
4194304,0.000000
4194304,0.001000
4194304,0.000000
4194304,0.000000
4194304,0.000000
4194304,0.001000
4194304,0.000000
4194304,0.001000
4194304,0.000000
4194304,0.001000
4194304,0.000000
4194304,0.001000
4194304,0.000000
4194304,0.001000
4194304,0.000000
4194304,0.001000
4194304,0.000000
4194304,0.001000
4194304,0.000000
4194304,0.001000
4194304,0.000000
4194304,0.001000
4194304,0.001000
4194304,0.001000
4194304,0.000000
4194304,0.000000
4194304,0.001000
4194304,0.001000
4194304,0.001000
4194304,0.000000
4194304,0.000000
4194304,0.001000
4194304,0.001000
4194304,0.001000
4194304,0.000000
4194304,0.000000
4194304,0.000000
4194304,0.001000
4194304,0.001000
4194304,0.001000
4194304,0.000000
4194304,0.000000
2097152,0.002000
2097152,0.001000
2097152,0.000000
2097152,0.001000
2097152,0.001000
2097152,0.000000
2097152,0.000000
2097152,0.000000
2097152,0.000000
2097152,0.000000
2097152,0.000000
2097152,0.001000
2097152,0.001000
2097152,0.001000
2097152,0.001000
2097152,0.001000
2097152,0.000000
2097152,0.000000
2097152,0.000000
2097152,0.000000
2097152,0.000000
2097152,0.000000
2097152,0.000000
2097152,0.000000
2097152,0.000000
2097152,0.000000
2097152,0.000000
2097152,0.000000
2097152,0.000000
2097152,0.000000
2097152,0.000000
2097152,0.000000
2097152,0.000000
2097152,0.000000
2097152,0.000000
2097152,0.001000
2097152,0.001000
2097152,0.001000
2097152,0.000000
2097152,0.000000
2097152,0.000000
2097152,0.001000
2097152,0.001000
2097152,0.000000
2097152,0.000000
2097152,0.000000
2097152,0.000000
2097152,0.000000
2097152,0.000000
2097152,0.000000
2097152,0.000000
2097152,0.000000
2097152,0.000000
2097152,0.000000
2097152,0.000000
2097152,0.000000
2097152,0.000000
2097152,0.001000
2097152,0.001000
2097152,0.001000
2097152,0.001000
2097152,0.001000
2097152,0.001000
2097152,0.001000
2097152,0.001000
2097152,0.001000
2097152,0.001000
2097152,0.001000
2097152,0.001000
2097152,0.001000
2097152,0.001000
2097152,0.001000
2097152,0.001000
2097152,0.001000
2097152,0.001000
2097152,0.001000
2097152,0.000000
2097152,0.000000
2097152,0.001000
2097152,0.000000
2097152,0.000000
2097152,0.000000
2097152,0.000000
2097152,0.000000
2097152,0.000000
2097152,0.000000
2097152,0.001000
2097152,0.000000
2097152,0.001000
2097152,0.000000
2097152,0.000000
2097152,0.000000
2097152,0.000000
2097152,0.000000
2097152,0.000000
2097152,0.000000
2097152,0.000000
2097152,0.001000
2097152,0.001000
2097152,0.001000
1048576,0.001000
1048576,0.000000
1048576,0.000000
1048576,0.000000
1048576,0.001000
1048576,0.000000
1048576,0.000000
1048576,0.000000
1048576,0.000000
1048576,0.000000
1048576,0.000000
1048576,0.000000
1048576,0.000000
1048576,0.000000
1048576,0.001000
1048576,0.001000
1048576,0.001000
1048576,0.001000
1048576,0.001000
1048576,0.001000
1048576,0.001000
1048576,0.001000
1048576,0.000000
1048576,0.000000
1048576,0.000000
1048576,0.000000
1048576,0.000000
1048576,0.000000
1048576,0.000000
1048576,0.000000
1048576,0.001000
1048576,0.001000
1048576,0.001000
1048576,0.001000
1048576,0.000000
1048576,0.000000
1048576,0.000000
1048576,0.000000
1048576,0.000000
1048576,0.000000
1048576,0.001000
1048576,0.001000
1048576,0.000000
1048576,0.001000
1048576,0.001000
1048576,0.000000
1048576,0.000000
1048576,0.000000
1048576,0.000000
1048576,0.000000
1048576,0.000000
1048576,0.001000
1048576,0.001000
1048576,0.001000
1048576,0.000000
1048576,0.000000
1048576,0.000000
1048576,0.000000
1048576,0.000000
1048576,0.001000
1048576,0.001000
1048576,0.001000
1048576,0.001000
1048576,0.000000
1048576,0.000000
1048576,0.000000
1048576,0.000000
1048576,0.000000
1048576,0.000000
1048576,0.000000
1048576,0.001000
1048576,0.001000
1048576,0.001000
1048576,0.001000
1048576,0.000000
1048576,0.000000
1048576,0.000000
1048576,0.000000
1048576,0.000000
1048576,0.001000
1048576,0.000000
1048576,0.001000
1048576,0.001000
1048576,0.001000
1048576,0.001000
1048576,0.000000
1048576,0.001000
1048576,0.000000
1048576,0.001000
1048576,0.000000
1048576,0.000000
1048576,0.000000
1048576,0.000000
1048576,0.000000
1048576,0.001000
1048576,0.001000
1048576,0.001000
1048576,0.001000
1048576,0.001000
1048576,0.001000
524288,0.001000
524288,0.001000
524288,0.000000
524288,0.000000
524288,0.001000
524288,0.001000
524288,0.000000
524288,0.001000
524288,0.001000
524288,0.001000
524288,0.001000
524288,0.001000
524288,0.000000
524288,0.000000
524288,0.000000
524288,0.000000
524288,0.000000
524288,0.000000
524288,0.000000
524288,0.020000
524288,0.000000
524288,0.000000
524288,0.000000
524288,0.001000
524288,0.000000
524288,0.001000
524288,0.001000
524288,0.000000
524288,0.000000
524288,0.000000
524288,0.000000
524288,0.000000
524288,0.000000
524288,0.000000
524288,0.001000
524288,0.000000
524288,0.000000
524288,0.000000
524288,0.001000
524288,0.001000
524288,0.000000
524288,0.001000
524288,0.001000
524288,0.001000
524288,0.001000
524288,0.001000
524288,0.001000
524288,0.000000
524288,0.000000
524288,0.000000
524288,0.000000
524288,0.000000
524288,0.001000
524288,0.001000
524288,0.001000
524288,0.001000
524288,0.001000
524288,0.000000
524288,0.000000
524288,0.000000
524288,0.000000
524288,0.000000
524288,0.000000
524288,0.000000
524288,0.000000
524288,0.000000
524288,0.001000
524288,0.001000
524288,0.000000
524288,0.000000
524288,0.000000
524288,0.000000
524288,0.000000
524288,0.000000
524288,0.001000
524288,0.001000
524288,0.001000
524288,0.001000
524288,0.001000
524288,0.001000
524288,0.000000
524288,0.000000
524288,0.000000
524288,0.000000
524288,0.000000
524288,0.001000
524288,0.001000
524288,0.001000
524288,0.000000
524288,0.000000
524288,0.000000
524288,0.000000
524288,0.000000
524288,0.001000
524288,0.001000
524288,0.000000
524288,0.000000
524288,0.000000
524288,0.000000
524288,0.000000
262144,0.000000
262144,0.000000
262144,0.000000
262144,0.001000
262144,0.000000
262144,0.000000
262144,0.000000
262144,0.000000
262144,0.000000
262144,0.000000
262144,0.000000
262144,0.000000
262144,0.001000
262144,0.001000
262144,0.001000
262144,0.001000
262144,0.001000
262144,0.001000
262144,0.001000
262144,0.001000
262144,0.001000
262144,0.001000
262144,0.000000
262144,0.000000
262144,0.000000
262144,0.000000
262144,0.000000
262144,0.000000
262144,0.000000
262144,0.001000
262144,0.001000
262144,0.001000
262144,0.001000
262144,0.001000
262144,0.000000
262144,0.000000
262144,0.000000
262144,0.000000
262144,0.000000
262144,0.000000
262144,0.000000
262144,0.001000
262144,0.001000
262144,0.000000
262144,0.000000
262144,0.000000
262144,0.000000
262144,0.001000
262144,0.001000
262144,0.001000
262144,0.000000
262144,0.000000
262144,0.000000
262144,0.000000
262144,0.000000
262144,0.001000
262144,0.001000
262144,0.001000
262144,0.001000
262144,0.001000
262144,0.001000
262144,0.001000
262144,0.000000
262144,0.000000
262144,0.000000
262144,0.000000
262144,0.000000
262144,0.000000
262144,0.001000
262144,0.001000
262144,0.001000
262144,0.000000
262144,0.000000
262144,0.000000
262144,0.000000
262144,0.000000
262144,0.000000
262144,0.000000
262144,0.001000
262144,0.001000
262144,0.001000
262144,0.001000
262144,0.000000
262144,0.000000
262144,0.000000
262144,0.000000
262144,0.000000
262144,0.000000
262144,0.000000
262144,0.001000
262144,0.001000
262144,0.001000
262144,0.001000
262144,0.000000
262144,0.000000
262144,0.000000
262144,0.000000
262144,0.000000
262144,0.000000
262144,0.001000
131072,0.001000
131072,0.000000
131072,0.000000
131072,0.000000
131072,0.000000
131072,0.001000
131072,0.000000
131072,0.000000
131072,0.000000
131072,0.000000
131072,0.000000
131072,0.001000
131072,0.001000
131072,0.000000
131072,0.000000
131072,0.000000
131072,0.001000
131072,0.000000
131072,0.000000
131072,0.000000
131072,0.000000
131072,0.000000
131072,0.000000
131072,0.000000
131072,0.000000
131072,0.001000
131072,0.000000
131072,0.000000
131072,0.000000
131072,0.001000
131072,0.000000
131072,0.000000
131072,0.000000
131072,0.000000
131072,0.001000
131072,0.000000
131072,0.000000
131072,0.000000
131072,0.000000
131072,0.000000
131072,0.000000
131072,0.000000
131072,0.000000
131072,0.000000
131072,0.000000
131072,0.000000
131072,0.000000
131072,0.000000
131072,0.000000
131072,0.000000
131072,0.000000
131072,0.000000
131072,0.000000
131072,0.000000
131072,0.000000
131072,0.001000
131072,0.001000
131072,0.000000
131072,0.000000
131072,0.000000
131072,0.000000
131072,0.001000
131072,0.000000
131072,0.000000
131072,0.000000
131072,0.000000
131072,0.001000
131072,0.000000
131072,0.000000
131072,0.000000
131072,0.001000
131072,0.001000
131072,0.001000
131072,0.000000
131072,0.000000
131072,0.000000
131072,0.001000
131072,0.000000
131072,0.000000
131072,0.001000
131072,0.000000
131072,0.000000
131072,0.001000
131072,0.000000
131072,0.000000
131072,0.000000
131072,0.000000
131072,0.000000
131072,0.000000
131072,0.001000
131072,0.001000
131072,0.001000
131072,0.001000
131072,0.001000
131072,0.001000
131072,0.001000
131072,0.001000
131072,0.000000
131072,0.000000
131072,0.001000
65536,0.002000
65536,0.000000
65536,0.001000
65536,0.000000
65536,0.000000
65536,0.000000
65536,0.000000
65536,0.000000
65536,0.000000
65536,0.001000
65536,0.000000
65536,0.000000
65536,0.001000
65536,0.000000
65536,0.000000
65536,0.001000
65536,0.000000
65536,0.000000
65536,0.000000
65536,0.001000
65536,0.000000
65536,0.000000
65536,0.001000
65536,0.000000
65536,0.000000
65536,0.000000
65536,0.000000
65536,0.001000
65536,0.000000
65536,0.000000
65536,0.001000
65536,0.001000
65536,0.000000
65536,0.001000
65536,0.000000
65536,0.000000
65536,0.001000
65536,0.000000
65536,0.000000
65536,0.001000
65536,0.000000
65536,0.000000
65536,0.000000
65536,0.000000
65536,0.001000
65536,0.000000
65536,0.000000
65536,0.000000
65536,0.001000
65536,0.000000
65536,0.000000
65536,0.001000
65536,0.000000
65536,0.000000
65536,0.000000
65536,0.001000
65536,0.000000
65536,0.000000
65536,0.000000
65536,0.000000
65536,0.001000
65536,0.000000
65536,0.000000
65536,0.000000
65536,0.001000
65536,0.000000
65536,0.000000
65536,0.001000
65536,0.000000
65536,0.000000
65536,0.001000
65536,0.000000
65536,0.000000
65536,0.000000
65536,0.001000
65536,0.000000
65536,0.000000
65536,0.001000
65536,0.000000
65536,0.000000
65536,0.000000
65536,0.001000
65536,0.000000
65536,0.005000
65536,0.001000
65536,0.000000
65536,0.000000
65536,0.001000
65536,0.000000
65536,0.000000
65536,0.001000
65536,0.000000
65536,0.000000
65536,0.000000
65536,0.001000
65536,0.000000
65536,0.000000
65536,0.000000
65536,0.000000
65536,0.001000
32768,0.001000
32768,0.000000
32768,0.000000
32768,0.000000
32768,0.005000
32768,0.001000
32768,0.000000
32768,0.000000
32768,0.000000
32768,0.001000
32768,0.000000
32768,0.000000
32768,0.000000
32768,0.000000
32768,0.001000
32768,0.000000
32768,0.000000
32768,0.001000
32768,0.000000
32768,0.000000
32768,0.000000
32768,0.001000
32768,0.000000
32768,0.000000
32768,0.000000
32768,0.001000
32768,0.000000
32768,0.000000
32768,0.000000
32768,0.000000
32768,0.001000
32768,0.000000
32768,0.000000
32768,0.001000
32768,0.000000
32768,0.000000
32768,0.001000
32768,0.001000
32768,0.000000
32768,0.000000
32768,0.001000
32768,0.000000
32768,0.000000
32768,0.001000
32768,0.001000
32768,0.000000
32768,0.000000
32768,0.000000
32768,0.001000
32768,0.000000
32768,0.000000
32768,0.001000
32768,0.000000
32768,0.000000
32768,0.000000
32768,0.001000
32768,0.000000
32768,0.000000
32768,0.001000
32768,0.000000
32768,0.000000
32768,0.000000
32768,0.001000
32768,0.000000
32768,0.000000
32768,0.001000
32768,0.000000
32768,0.000000
32768,0.000000
32768,0.001000
32768,0.000000
32768,0.000000
32768,0.001000
32768,0.000000
32768,0.000000
32768,0.001000
32768,0.000000
32768,0.000000
32768,0.000000
32768,0.001000
32768,0.000000
32768,0.000000
32768,0.001000
32768,0.000000
32768,0.000000
32768,0.000000
32768,0.001000
32768,0.000000
32768,0.000000
32768,0.001000
32768,0.000000
32768,0.000000
32768,0.001000
32768,0.000000
32768,0.000000
32768,0.000000
32768,0.000000
32768,0.001000
32768,0.000000
32768,0.000000
16384,0.000000
16384,0.000000
16384,0.001000
16384,0.000000
16384,0.000000
16384,0.001000
16384,0.000000
16384,0.000000
16384,0.001000
16384,0.000000
16384,0.000000
16384,0.000000
16384,0.001000
16384,0.000000
16384,0.000000
16384,0.000000
16384,0.001000
16384,0.000000
16384,0.000000
16384,0.001000
16384,0.000000
16384,0.000000
16384,0.000000
16384,0.001000
16384,0.000000
16384,0.000000
16384,0.000000
16384,0.001000
16384,0.000000
16384,0.000000
16384,0.000000
16384,0.001000
16384,0.000000
16384,0.000000
16384,0.000000
16384,0.001000
16384,0.000000
16384,0.000000
16384,0.000000
16384,0.001000
16384,0.000000
16384,0.000000
16384,0.000000
16384,0.001000
16384,0.000000
16384,0.000000
16384,0.000000
16384,0.001000
16384,0.000000
16384,0.000000
16384,0.000000
16384,0.001000
16384,0.001000
16384,0.000000
16384,0.000000
16384,0.000000
16384,0.000000
16384,0.000000
16384,0.000000
16384,0.001000
16384,0.000000
16384,0.000000
16384,0.000000
16384,0.000000
16384,0.001000
16384,0.001000
16384,0.000000
16384,0.000000
16384,0.000000
16384,0.000000
16384,0.000000
16384,0.001000
16384,0.001000
16384,0.000000
16384,0.000000
16384,0.000000
16384,0.000000
16384,0.000000
16384,0.000000
16384,0.000000
16384,0.000000
16384,0.000000
16384,0.000000
16384,0.000000
16384,0.000000
16384,0.001000
16384,0.001000
16384,0.000000
16384,0.000000
16384,0.000000
16384,0.001000
16384,0.000000
16384,0.000000
16384,0.000000
16384,0.001000
16384,0.001000
16384,0.000000
16384,0.000000
16384,0.001000
16384,0.000000
8192,0.000000
8192,0.000000
8192,0.000000
8192,0.000000
8192,0.001000
8192,0.000000
8192,0.000000
8192,0.000000
8192,0.001000
8192,0.001000
8192,0.000000
8192,0.000000
8192,0.000000
8192,0.001000
8192,0.000000
8192,0.000000
8192,0.000000
8192,0.001000
8192,0.000000
8192,0.000000
8192,0.000000
8192,0.001000
8192,0.000000
8192,0.000000
8192,0.000000
8192,0.001000
8192,0.000000
8192,0.000000
8192,0.000000
8192,0.001000
8192,0.000000
8192,0.000000
8192,0.000000
8192,0.000000
8192,0.000000
8192,0.000000
8192,0.000000
8192,0.000000
8192,0.001000
8192,0.000000
8192,0.000000
8192,0.000000
8192,0.001000
8192,0.000000
8192,0.000000
8192,0.000000
8192,0.000000
8192,0.000000
8192,0.000000
8192,0.001000
8192,0.000000
8192,0.000000
8192,0.000000
8192,0.001000
8192,0.000000
8192,0.000000
8192,0.000000
8192,0.000000
8192,0.001000
8192,0.000000
8192,0.000000
8192,0.001000
8192,0.000000
8192,0.000000
8192,0.000000
8192,0.000000
8192,0.001000
8192,0.000000
8192,0.000000
8192,0.000000
8192,0.001000
8192,0.000000
8192,0.000000
8192,0.000000
8192,0.001000
8192,0.000000
8192,0.000000
8192,0.000000
8192,0.001000
8192,0.000000
8192,0.000000
8192,0.000000
8192,0.000000
8192,0.000000
8192,0.001000
8192,0.001000
8192,0.000000
8192,0.000000
8192,0.000000
8192,0.000000
8192,0.000000
8192,0.001000
8192,0.000000
8192,0.000000
8192,0.000000
8192,0.000000
8192,0.000000
8192,0.000000
8192,0.000000
8192,0.001000
4096,0.001000
4096,0.000000
4096,0.000000
4096,0.000000
4096,0.001000
4096,0.000000
4096,0.000000
4096,0.001000
4096,0.000000
4096,0.000000
4096,0.000000
4096,0.001000
4096,0.000000
4096,0.000000
4096,0.000000
4096,0.001000
4096,0.000000
4096,0.000000
4096,0.000000
4096,0.001000
4096,0.000000
4096,0.000000
4096,0.000000
4096,0.001000
4096,0.000000
4096,0.000000
4096,0.000000
4096,0.001000
4096,0.000000
4096,0.000000
4096,0.000000
4096,0.001000
4096,0.000000
4096,0.000000
4096,0.000000
4096,0.000000
4096,0.001000
4096,0.000000
4096,0.000000
4096,0.000000
4096,0.001000
4096,0.000000
4096,0.000000
4096,0.000000
4096,0.000000
4096,0.001000
4096,0.000000
4096,0.000000
4096,0.000000
4096,0.001000
4096,0.000000
4096,0.000000
4096,0.000000
4096,0.001000
4096,0.000000
4096,0.000000
4096,0.000000
4096,0.001000
4096,0.000000
4096,0.000000
4096,0.000000
4096,0.001000
4096,0.000000
4096,0.000000
4096,0.000000
4096,0.001000
4096,0.000000
4096,0.000000
4096,0.000000
4096,0.001000
4096,0.000000
4096,0.000000
4096,0.000000
4096,0.001000
4096,0.000000
4096,0.000000
4096,0.000000
4096,0.000000
4096,0.001000
4096,0.000000
4096,0.000000
4096,0.001000
4096,0.000000
4096,0.000000
4096,0.000000
4096,0.000000
4096,0.001000
4096,0.000000
4096,0.000000
4096,0.000000
4096,0.000000
4096,0.001000
4096,0.000000
4096,0.000000
4096,0.000000
4096,0.001000
4096,0.000000
4096,0.000000
4096,0.000000
4096,0.000000
2048,0.001000
2048,0.000000
2048,0.000000
2048,0.000000
2048,0.000000
2048,0.000000
2048,0.001000
2048,0.001000
2048,0.000000
2048,0.000000
2048,0.001000
2048,0.001000
2048,0.000000
2048,0.000000
2048,0.000000
2048,0.001000
2048,0.000000
2048,0.000000
2048,0.000000
2048,0.000000
2048,0.001000
2048,0.000000
2048,0.000000
2048,0.000000
2048,0.000000
2048,0.001000
2048,0.000000
2048,0.000000
2048,0.000000
2048,0.000000
2048,0.000000
2048,0.001000
2048,0.000000
2048,0.000000
2048,0.000000
2048,0.001000
2048,0.000000
2048,0.000000
2048,0.000000
2048,0.000000
2048,0.001000
2048,0.000000
2048,0.001000
2048,0.000000
2048,0.000000
2048,0.001000
2048,0.000000
2048,0.000000
2048,0.001000
2048,0.000000
2048,0.000000
2048,0.000000
2048,0.001000
2048,0.000000
2048,0.000000
2048,0.001000
2048,0.000000
2048,0.000000
2048,0.000000
2048,0.000000
2048,0.001000
2048,0.001000
2048,0.000000
2048,0.000000
2048,0.000000
2048,0.000000
2048,0.000000
2048,0.001000
2048,0.000000
2048,0.000000
2048,0.000000
2048,0.000000
2048,0.000000
2048,0.001000
2048,0.000000
2048,0.000000
2048,0.000000
2048,0.001000
2048,0.000000
2048,0.000000
2048,0.000000
2048,0.001000
2048,0.000000
2048,0.000000
2048,0.001000
2048,0.000000
2048,0.000000
2048,0.000000
2048,0.001000
2048,0.000000
2048,0.000000
2048,0.000000
2048,0.001000
2048,0.000000
2048,0.000000
2048,0.000000
2048,0.001000
2048,0.000000
2048,0.001000
2048,0.000000
1024,0.000000
1024,0.001000
1024,0.000000
1024,0.000000
1024,0.000000
1024,0.001000
1024,0.000000
1024,0.000000
1024,0.000000
1024,0.000000
1024,0.001000
1024,0.000000
1024,0.000000
1024,0.000000
1024,0.000000
1024,0.000000
1024,0.000000
1024,0.000000
1024,0.000000
1024,0.000000
1024,0.001000
1024,0.001000
1024,0.000000
1024,0.000000
1024,0.000000
1024,0.000000
1024,0.000000
1024,0.000000
1024,0.000000
1024,0.000000
1024,0.001000
1024,0.000000
1024,0.000000
1024,0.000000
1024,0.000000
1024,0.001000
1024,0.000000
1024,0.000000
1024,0.000000
1024,0.001000
1024,0.000000
1024,0.000000
1024,0.000000
1024,0.001000
1024,0.000000
1024,0.000000
1024,0.001000
1024,0.000000
1024,0.000000
1024,0.000000
1024,0.000000
1024,0.000000
1024,0.000000
1024,0.000000
1024,0.001000
1024,0.000000
1024,0.000000
1024,0.000000
1024,0.000000
1024,0.001000
1024,0.000000
1024,0.000000
1024,0.000000
1024,0.000000
1024,0.000000
1024,0.000000
1024,0.000000
1024,0.000000
1024,0.001000
1024,0.000000
1024,0.000000
1024,0.000000
1024,0.000000
1024,0.001000
1024,0.000000
1024,0.000000
1024,0.000000
1024,0.001000
1024,0.000000
1024,0.001000
1024,0.000000
1024,0.000000
1024,0.000000
1024,0.001000
1024,0.000000
1024,0.000000
1024,0.000000
1024,0.001000
1024,0.000000
1024,0.000000
1024,0.000000
1024,0.000000
1024,0.000000
1024,0.000000
1024,0.000000
1024,0.001000
1024,0.000000
1024,0.000000
1024,0.000000
1024,0.000000
512,0.000000
512,0.001000
512,0.000000
512,0.000000
512,0.000000
512,0.001000
512,0.000000
512,0.000000
512,0.000000
512,0.000000
512,0.001000
512,0.000000
512,0.000000
512,0.000000
512,0.000000
512,0.000000
512,0.001000
512,0.000000
512,0.000000
512,0.000000
512,0.001000
512,0.000000
512,0.000000
512,0.000000
512,0.001000
512,0.000000
512,0.001000
512,0.001000
512,0.000000
512,0.000000
512,0.000000
512,0.000000
512,0.001000
512,0.000000
512,0.000000
512,0.000000
512,0.001000
512,0.000000
512,0.000000
512,0.000000
512,0.000000
512,0.001000
512,0.000000
512,0.000000
512,0.000000
512,0.001000
512,0.000000
512,0.000000
512,0.000000
512,0.000000
512,0.000000
512,0.000000
512,0.000000
512,0.000000
512,0.000000
512,0.001000
512,0.000000
512,0.000000
512,0.000000
512,0.000000
512,0.000000
512,0.000000
512,0.000000
512,0.000000
512,0.000000
512,0.000000
512,0.000000
512,0.001000
512,0.001000
512,0.000000
512,0.000000
512,0.000000
512,0.000000
512,0.000000
512,0.000000
512,0.000000
512,0.000000
512,0.001000
512,0.000000
512,0.000000
512,0.000000
512,0.000000
512,0.000000
512,0.001000
512,0.000000
512,0.000000
512,0.000000
512,0.000000
512,0.000000
512,0.001000
512,0.000000
512,0.000000
512,0.000000
512,0.001000
512,0.000000
512,0.000000
512,0.000000
512,0.001000
512,0.001000
512,0.000000
256,0.000000
256,0.000000
256,0.000000
256,0.000000
256,0.001000
256,0.001000
256,0.000000
256,0.000000
256,0.000000
256,0.000000
256,0.001000
256,0.001000
256,0.000000
256,0.000000
256,0.000000
256,0.000000
256,0.001000
256,0.000000
256,0.000000
256,0.000000
256,0.000000
256,0.000000
256,0.001000
256,0.000000
256,0.000000
256,0.000000
256,0.000000
256,0.001000
256,0.000000
256,0.000000
256,0.000000
256,0.000000
256,0.000000
256,0.001000
256,0.000000
256,0.000000
256,0.000000
256,0.000000
256,0.000000
256,0.001000
256,0.000000
256,0.000000
256,0.000000
256,0.000000
256,0.000000
256,0.001000
256,0.001000
256,0.000000
256,0.000000
256,0.000000
256,0.000000
256,0.000000
256,0.000000
256,0.000000
256,0.000000
256,0.000000
256,0.001000
256,0.000000
256,0.000000
256,0.000000
256,0.000000
256,0.001000
256,0.000000
256,0.000000
256,0.000000
256,0.000000
256,0.001000
256,0.000000
256,0.000000
256,0.001000
256,0.000000
256,0.000000
256,0.000000
256,0.001000
256,0.000000
256,0.000000
256,0.000000
256,0.000000
256,0.000000
256,0.000000
256,0.000000
256,0.000000
256,0.000000
256,0.001000
256,0.000000
256,0.000000
256,0.000000
256,0.001000
256,0.000000
256,0.000000
256,0.000000
256,0.000000
256,0.000000
256,0.000000
256,0.001000
256,0.000000
256,0.000000
256,0.000000
256,0.001000
256,0.000000
128,0.000000
128,0.001000
128,0.001000
128,0.000000
128,0.000000
128,0.001000
128,0.001000
128,0.000000
128,0.000000
128,0.000000
128,0.001000
128,0.000000
128,0.000000
128,0.000000
128,0.001000
128,0.000000
128,0.000000
128,0.000000
128,0.000000
128,0.000000
128,0.000000
128,0.000000
128,0.001000
128,0.001000
128,0.000000
128,0.000000
128,0.000000
128,0.000000
128,0.000000
128,0.000000
128,0.001000
128,0.000000
128,0.000000
128,0.000000
128,0.000000
128,0.000000
128,0.001000
128,0.000000
128,0.000000
128,0.000000
128,0.001000
128,0.000000
128,0.000000
128,0.001000
128,0.000000
128,0.000000
128,0.000000
128,0.000000
128,0.000000
128,0.000000
128,0.000000
128,0.000000
128,0.000000
128,0.000000
128,0.000000
128,0.000000
128,0.000000
128,0.000000
128,0.000000
128,0.001000
128,0.000000
128,0.000000
128,0.000000
128,0.000000
128,0.000000
128,0.001000
128,0.001000
128,0.000000
128,0.000000
128,0.000000
128,0.001000
128,0.000000
128,0.000000
128,0.000000
128,0.001000
128,0.000000
128,0.000000
128,0.000000
128,0.000000
128,0.000000
128,0.001000
128,0.000000
128,0.000000
128,0.000000
128,0.000000
128,0.001000
128,0.000000
128,0.000000
128,0.000000
128,0.001000
128,0.000000
128,0.000000
128,0.000000
128,0.000000
128,0.000000
128,0.001000
128,0.001000
128,0.000000
128,0.000000
128,0.001000
64,0.001000
64,0.000000
64,0.000000
64,0.001000
64,0.001000
64,0.000000
64,0.000000
64,0.000000
64,0.000000
64,0.001000
64,0.000000
64,0.000000
64,0.001000
64,0.000000
64,0.000000
64,0.000000
64,0.000000
64,0.001000
64,0.000000
64,0.000000
64,0.000000
64,0.001000
64,0.000000
64,0.000000
64,0.000000
64,0.001000
64,0.000000
64,0.000000
64,0.000000
64,0.000000
64,0.000000
64,0.001000
64,0.000000
64,0.000000
64,0.000000
64,0.000000
64,0.000000
64,0.000000
64,0.000000
64,0.000000
64,0.001000
64,0.001000
64,0.000000
64,0.000000
64,0.000000
64,0.000000
64,0.001000
64,0.000000
64,0.000000
64,0.000000
64,0.000000
64,0.000000
64,0.000000
64,0.001000
64,0.000000
64,0.000000
64,0.000000
64,0.001000
64,0.000000
64,0.000000
64,0.000000
64,0.001000
64,0.000000
64,0.000000
64,0.000000
64,0.001000
64,0.000000
64,0.000000
64,0.000000
64,0.001000
64,0.001000
64,0.000000
64,0.000000
64,0.000000
64,0.001000
64,0.000000
64,0.000000
64,0.000000
64,0.001000
64,0.000000
64,0.000000
64,0.000000
64,0.000000
64,0.001000
64,0.000000
64,0.000000
64,0.000000
64,0.000000
64,0.000000
64,0.001000
64,0.000000
64,0.000000
64,0.000000
64,0.000000
64,0.000000
64,0.001000
64,0.000000
64,0.000000
64,0.000000
64,0.000000
32,0.000000
32,0.001000
32,0.000000
32,0.000000
32,0.001000
32,0.000000
32,0.000000
32,0.000000
32,0.000000
32,0.000000
32,0.000000
32,0.000000
32,0.001000
32,0.001000
32,0.000000
32,0.000000
32,0.000000
32,0.003000
32,0.000000
32,0.001000
32,0.000000
32,0.000000
32,0.000000
32,0.001000
32,0.000000
32,0.000000
32,0.001000
32,0.000000
32,0.000000
32,0.000000
32,0.000000
32,0.001000
32,0.000000
32,0.000000
32,0.000000
32,0.001000
32,0.000000
32,0.000000
32,0.001000
32,0.000000
32,0.000000
32,0.000000
32,0.001000
32,0.000000
32,0.000000
32,0.000000
32,0.000000
32,0.000000
32,0.000000
32,0.000000
32,0.000000
32,0.000000
32,0.001000
32,0.001000
32,0.000000
32,0.000000
32,0.000000
32,0.000000
32,0.001000
32,0.000000
32,0.000000
32,0.000000
32,0.001000
32,0.000000
32,0.000000
32,0.000000
32,0.001000
32,0.000000
32,0.000000
32,0.000000
32,0.000000
32,0.001000
32,0.000000
32,0.000000
32,0.000000
32,0.000000
32,0.000000
32,0.000000
32,0.000000
32,0.000000
32,0.000000
32,0.000000
32,0.001000
32,0.001000
32,0.000000
32,0.000000
32,0.001000
32,0.000000
32,0.000000
32,0.000000
32,0.000000
32,0.000000
32,0.001000
32,0.001000
32,0.000000
32,0.000000
32,0.000000
32,0.000000
32,0.000000
32,0.000000
16,0.000000
16,0.000000
16,0.001000
16,0.000000
16,0.000000
16,0.000000
16,0.000000
16,0.000000
16,0.001000
16,0.000000
16,0.000000
16,0.000000
16,0.001000
16,0.001000
16,0.000000
16,0.001000
16,0.001000
16,0.000000
16,0.000000
16,0.000000
16,0.001000
16,0.000000
16,0.000000
16,0.000000
16,0.001000
16,0.000000
16,0.000000
16,0.000000
16,0.000000
16,0.000000
16,0.001000
16,0.000000
16,0.000000
16,0.001000
16,0.000000
16,0.000000
16,0.000000
16,0.000000
16,0.001000
16,0.000000
16,0.000000
16,0.000000
16,0.000000
16,0.001000
16,0.000000
16,0.000000
16,0.000000
16,0.000000
16,0.001000
16,0.000000
16,0.000000
16,0.000000
16,0.000000
16,0.001000
16,0.000000
16,0.000000
16,0.000000
16,0.001000
16,0.000000
16,0.000000
16,0.000000
16,0.001000
16,0.001000
16,0.000000
16,0.000000
16,0.000000
16,0.000000
16,0.001000
16,0.000000
16,0.000000
16,0.000000
16,0.001000
16,0.000000
16,0.000000
16,0.001000
16,0.000000
16,0.000000
16,0.000000
16,0.001000
16,0.000000
16,0.000000
16,0.001000
16,0.000000
16,0.000000
16,0.000000
16,0.000000
16,0.000000
16,0.000000
16,0.000000
16,0.001000
16,0.000000
16,0.000000
16,0.000000
16,0.001000
16,0.000000
16,0.000000
16,0.001000
16,0.000000
16,0.000000
16,0.000000
8,0.001000
8,0.000000
8,0.000000
8,0.000000
8,0.000000
8,0.000000
8,0.001000
8,0.001000
8,0.000000
8,0.000000
8,0.000000
8,0.001000
8,0.000000
8,0.000000
8,0.000000
8,0.001000
8,0.000000
8,0.000000
8,0.000000
8,0.001000
8,0.000000
8,0.000000
8,0.000000
8,0.001000
8,0.000000
8,0.000000
8,0.000000
8,0.001000
8,0.000000
8,0.000000
8,0.000000
8,0.001000
8,0.000000
8,0.000000
8,0.000000
8,0.000000
8,0.000000
8,0.000000
8,0.000000
8,0.000000
8,0.000000
8,0.001000
8,0.000000
8,0.000000
8,0.000000
8,0.000000
8,0.001000
8,0.000000
8,0.000000
8,0.000000
8,0.001000
8,0.000000
8,0.000000
8,0.000000
8,0.000000
8,0.000000
8,0.001000
8,0.000000
8,0.000000
8,0.000000
8,0.000000
8,0.001000
8,0.000000
8,0.000000
8,0.000000
8,0.000000
8,0.000000
8,0.000000
8,0.001000
8,0.000000
8,0.000000
8,0.000000
8,0.000000
8,0.001000
8,0.000000
8,0.000000
8,0.000000
8,0.001000
8,0.001000
8,0.000000
8,0.000000
8,0.000000
8,0.000000
8,0.001000
8,0.000000
8,0.000000
8,0.000000
8,0.001000
8,0.000000
8,0.000000
8,0.000000
8,0.001000
8,0.000000
8,0.000000
8,0.000000
8,0.000000
8,0.000000
8,0.001000
8,0.000000
8,0.000000
4,0.001000
4,0.000000
4,0.000000
4,0.000000
4,0.001000
4,0.000000
4,0.000000
4,0.000000
4,0.001000
4,0.001000
4,0.000000
4,0.000000
4,0.000000
4,0.000000
4,0.000000
4,0.001000
4,0.000000
4,0.000000
4,0.000000
4,0.000000
4,0.000000
4,0.001000
4,0.000000
4,0.000000
4,0.000000
4,0.001000
4,0.000000
4,0.000000
4,0.000000
4,0.000000
4,0.000000
4,0.001000
4,0.000000
4,0.000000
4,0.000000
4,0.001000
4,0.000000
4,0.000000
4,0.000000
4,0.001000
4,0.000000
4,0.000000
4,0.000000
4,0.000000
4,0.001000
4,0.000000
4,0.000000
4,0.000000
4,0.000000
4,0.000000
4,0.001000
4,0.000000
4,0.000000
4,0.000000
4,0.001000
4,0.000000
4,0.000000
4,0.000000
4,0.000000
4,0.001000
4,0.000000
4,0.000000
4,0.000000
4,0.000000
4,0.000000
4,0.000000
4,0.000000
4,0.000000
4,0.000000
4,0.000000
4,0.000000
4,0.001000
4,0.000000
4,0.000000
4,0.000000
4,0.000000
4,0.001000
4,0.000000
4,0.000000
4,0.000000
4,0.000000
4,0.000000
4,0.001000
4,0.000000
4,0.000000
4,0.001000
4,0.000000
4,0.000000
4,0.000000
4,0.001000
4,0.000000
4,0.000000
4,0.000000
4,0.001000
4,0.000000
4,0.000000
4,0.000000
4,0.000000
4,0.001000
4,0.000000
2,0.000000
2,0.000000
2,0.000000
2,0.001000
2,0.001000
2,0.000000
2,0.000000
2,0.000000
2,0.000000
2,0.000000
2,0.001000
2,0.000000
2,0.000000
2,0.000000
2,0.000000
2,0.000000
2,0.001000
2,0.000000
2,0.000000
2,0.000000
2,0.000000
2,0.000000
2,0.000000
2,0.001000
2,0.000000
2,0.000000
2,0.000000
2,0.000000
2,0.000000
2,0.000000
2,0.000000
2,0.001000
2,0.000000
2,0.000000
2,0.000000
2,0.000000
2,0.000000
2,0.000000
2,0.000000
2,0.001000
2,0.000000
2,0.000000
2,0.001000
2,0.001000
2,0.000000
2,0.000000
2,0.000000
2,0.000000
2,0.000000
2,0.000000
2,0.000000
2,0.000000
2,0.000000
2,0.001000
2,0.000000
2,0.000000
2,0.000000
2,0.000000
2,0.000000
2,0.000000
2,0.000000
2,0.000000
2,0.000000
2,0.001000
2,0.000000
2,0.000000
2,0.000000
2,0.000000
2,0.000000
2,0.001000
2,0.000000
2,0.000000
2,0.000000
2,0.001000
2,0.000000
2,0.000000
2,0.000000
2,0.001000
2,0.000000
2,0.000000
2,0.001000
2,0.001000
2,0.000000
2,0.000000
2,0.000000
2,0.000000
2,0.000000
2,0.000000
2,0.000000
2,0.000000
2,0.000000
2,0.000000
2,0.000000
2,0.000000
2,0.000000
2,0.000000
2,0.001000
2,0.000000
2,0.006000
2,0.000000
